Hotel,Location,Price,Rating Score,Rating Text,Review Count,Link
Swanotel Gachibowli,Gachibowli,1493,8.3,Excellent,1072,https://www.agoda.com/en-in/swanotel-gachibowli/hotel/hyderabad-in.html?countryId=35&finalPriceView=1&isShowMobileAppPrice=false&cid=1922885&numberOfBedrooms=&familyMode=false&adults=2&children=0&rooms=1&maxRooms=0&checkIn=2025-12-26&isCalendarCallout=false&childAges=&numberOfGuest=0&missingChildAges=false&travellerType=1&showReviewSubmissionEntry=false&currencyCode=INR&isFreeOccSearch=false&tag=6f147157-60b8-459f-af1a-9935d44970e9&tspTypes=7&los=8&searchrequestid=88de98a6-9ee0-4beb-a5c9-c808d7ec254e
Elite Hotel Gachibowli,Gachibowli,2547,8.9,Excellent,169,https://www.agoda.com/en-in/elite-hotel-gachibowli-h69511251/hotel/hyderabad-in.html?countryId=35&finalPriceView=1&isShowMobileAppPrice=false&cid=1922885&numberOfBedrooms=&familyMode=false&adults=2&children=0&rooms=1&maxRooms=0&checkIn=2025-12-26&isCalendarCallout=false&childAges=&numberOfGuest=0&missingChildAges=false&travellerType=1&showReviewSubmissionEntry=false&currencyCode=INR&isFreeOccSearch=false&tag=6f147157-60b8-459f-af1a-9935d44970e9&tspTypes=1&los=8&searchrequestid=88de98a6-9ee0-4beb-a5c9-c808d7ec254e
Harvey's Hotels - Gachibowli,Gachibowli,1439,7.1,Very good,812,https://www.agoda.com/en-in/harvey-s-hotels-gachibowli/hotel/hyderabad-in.html?countryId=35&finalPriceView=1&isShowMobileAppPrice=false&cid=1922885&numberOfBedrooms=&familyMode=false&adults=2&children=0&rooms=1&maxRooms=0&checkIn=2025-12-26&isCalendarCallout=false&childAges=&numberOfGuest=0&missingChildAges=false&travellerType=1&showReviewSubmissionEntry=false&currencyCode=INR&isFreeOccSearch=false&tag=6f147157-60b8-459f-af1a-9935d44970e9&tspTypes=8&los=8&searchrequestid=88de98a6-9ee0-4beb-a5c9-c808d7ec254e
The Manohar Hyderabad,Begumpet,3085,5.6,Review score,4092,https://www.agoda.com/en-in/the-manohar-hyderabad/hotel/hyderabad-in.html?countryId=35&finalPriceView=1&isShowMobileAppPrice=false&cid=1922885&numberOfBedrooms=&familyMode=false&adults=2&children=0&rooms=1&maxRooms=0&checkIn=2025-12-26&isCalendarCallout=false&childAges=&numberOfGuest=0&missingChildAges=false&travellerType=1&showReviewSubmissionEntry=false&currencyCode=INR&isFreeOccSearch=false&tag=6f147157-60b8-459f-af1a-9935d44970e9&tspTypes=8&los=8&searchrequestid=88de98a6-9ee0-4beb-a5c9-c808d7ec254e
Wild Wings Premium Hotel,Gachibowli,2363,7.9,Very good,414,https://www.agoda.com/en-in/wild-wings-premium-hotel/hotel/hyderabad-in.html?countryId=35&finalPriceView=1&isShowMobileAppPrice=false&cid=1922885&numberOfBedrooms=&familyMode=false&adults=2&children=0&rooms=1&maxRooms=0&checkIn=2025-12-26&isCalendarCallout=false&childAges=&numberOfGuest=0&missingChildAges=false&travellerType=1&showReviewSubmissionEntry=false&currencyCode=INR&isFreeOccSearch=false&tag=6f147157-60b8-459f-af1a-9935d44970e9&los=8&searchrequestid=88de98a6-9ee0-4beb-a5c9-c808d7ec254e
Palette Naveena Grand Hyderabad,Jubliee Hill,4553,7.9,Very good,70,https://www.agoda.com/en-in/palette-naveena-grand-hyderabad-h37694258/hotel/hyderabad-in.html?countryId=35&finalPriceView=1&isShowMobileAppPrice=false&cid=1922885&numberOfBedrooms=&familyMode=false&adults=2&children=0&rooms=1&maxRooms=0&checkIn=2025-12-26&isCalendarCallout=false&childAges=&numberOfGuest=0&missingChildAges=false&travellerType=1&showReviewSubmissionEntry=false&currencyCode=INR&isFreeOccSearch=false&tag=6f147157-60b8-459f-af1a-9935d44970e9&los=8&searchrequestid=88de98a6-9ee0-4beb-a5c9-c808d7ec254e
"Taj Krishna, Hyderabad",Banjara Hills,20906,8.8,Excellent,375,https://www.agoda.com/en-in/taj-krishna-hyderabad-h992/hotel/hyderabad-in.html?countryId=35&finalPriceView=1&isShowMobileAppPrice=false&cid=1922885&numberOfBedrooms=&familyMode=false&adults=2&children=0&rooms=1&maxRooms=0&checkIn=2025-12-26&isCalendarCallout=false&childAges=&numberOfGuest=0&missingChildAges=false&travellerType=1&showReviewSubmissionEntry=false&currencyCode=INR&isFreeOccSearch=false&tag=6f147157-60b8-459f-af1a-9935d44970e9&los=8&searchrequestid=88de98a6-9ee0-4beb-a5c9-c808d7ec254e
Hotel The Plaza,Begumpet,6000,8.4,Excellent,359,https://www.agoda.com/en-in/hotel-the-plaza/hotel/hyderabad-in.html?countryId=35&finalPriceView=1&isShowMobileAppPrice=false&cid=1922885&numberOfBedrooms=&familyMode=false&adults=2&children=0&rooms=1&maxRooms=0&checkIn=2025-12-26&isCalendarCallout=false&childAges=&numberOfGuest=0&missingChildAges=false&travellerType=1&showReviewSubmissionEntry=false&currencyCode=INR&isFreeOccSearch=false&tag=6f147157-60b8-459f-af1a-9935d44970e9&los=8&searchrequestid=88de98a6-9ee0-4beb-a5c9-c808d7ec254e
Hotel B Plus L,Gachibowli,4803,8.4,Excellent,740,https://www.agoda.com/en-in/hotel-b-plus-l/hotel/hyderabad-in.html?countryId=35&finalPriceView=1&isShowMobileAppPrice=false&cid=1922885&numberOfBedrooms=&familyMode=false&adults=2&children=0&rooms=1&maxRooms=0&checkIn=2025-12-26&isCalendarCallout=false&childAges=&numberOfGuest=0&missingChildAges=false&travellerType=1&showReviewSubmissionEntry=false&currencyCode=INR&isFreeOccSearch=false&tag=6f147157-60b8-459f-af1a-9935d44970e9&los=8&searchrequestid=88de98a6-9ee0-4beb-a5c9-c808d7ec254e
